customerName,address,telephone,email
Angel Daniel,"USNS Davis
FPO AP 78518",149186547,rmiller@boyer.com
Matthew Wilson,"42023 Barrett Path Suite 281
Jeremyborough, OH 72889",475925688,matthew15@ramirez.com
Jennifer Phelps,"392 Smith Corners Apt. 737
East Angeltown, MO 64086",112231541,echristian@hotmail.com
Jonathan Cook,"657 Landry Way Suite 966
Robinsonfurt, CA 22461",708283326,zjones@yahoo.com
Lindsay Garcia,"906 Justin Locks Apt. 838
Port Timothyview, AR 68865",959234562,juliamatthews@carpenter.com
Eric Klein,"0571 Carroll Cliffs
Davisstad, WI 00721",243553915,acostajoshua@hotmail.com
Ashley Adams,"660 Marcus Camp Suite 262
Port Stevenmouth, NC 10819",7005498,elambert@cook.info
Meghan Nguyen,"259 Jared Manor
Brownville, AZ 52844",724330039,hhughes@randolph-ingram.com
Ryan Richards,"695 Francis Cliffs
Port Bryantown, VT 33873",643387222,phillipcarter@hotmail.com
Janice Alexander,"81268 Hamilton Fort
Fitzgeraldfort, ID 71489",215716832,matthew55@leach-blackburn.com
Katherine Dunn,"837 Schneider Spur Suite 656
Darrellmouth, WI 33323",92651576,golson@davis.info
Brett Odom,"952 Barbara Turnpike
Jacquelinebury, MO 71346",724488250,colemanjames@chavez.info
Jenna Scott,"Unit 1694 Box 1865
DPO AE 26667",265881315,rogerseric@hotmail.com
Andrew Johns,"62457 Booth Mews Apt. 453
Lake Vincentport, DE 49208",401149568,lorinelson@hotmail.com
Christine Curtis,"2480 Jesse Unions Suite 534
East Antonioshire, MS 71510",778029406,christopherferguson@acevedo-robertson.info
Madison Jones,"USNS Ferguson
FPO AP 50263",307805784,wattsdavid@morgan-wheeler.com
Tracy Simmons,"76775 Jennifer Orchard Apt. 758
Port Lance, NH 53890",484837788,bryan30@williams.com
Shelby Wolf,"613 Billy Radial Suite 171
South Benjamin, WY 15230",962795476,daniel46@gmail.com
Kyle Jackson,"24896 Helen Rapid Suite 758
New Joseph, MN 97017",965030358,pwheeler@yahoo.com
Linda Shepard,"4947 Reynolds Islands
Kathleenburgh, DE 96988",644042817,munozcharles@yahoo.com
Kathleen Brady,"Unit 6453 Box 5308
DPO AA 48049",689720635,victoria31@gmail.com
Bobby Luna,"2923 Michael Fords Suite 316
Dustinton, IN 31032",800125157,kathryn43@hotmail.com
Richard Lopez,"6875 Hill Forks
Teresaland, AL 58910",268619593,justinallen@quinn.info
Ralph Bush,"03975 Mills Square Apt. 322
Port Claudia, MI 34792",625774276,bradleyamy@doyle.com
David Webb,"3613 Laura Ridges Suite 762
South Theresa, VA 98493",569906245,stevenrodriguez@gmail.com
Kim Russell,"887 Kelley Walk Apt. 960
East Martha, CT 59649",328037408,cindy11@wood.com
Michael Holt,"3499 David Lake Suite 745
South Dylan, AK 03041",969677194,rmiller@hubbard-benitez.com
Mr. Justin Cook,"Unit 9907 Box 4757
DPO AE 46640",796337665,ofritz@richards.com
Timothy Wood,"836 Bates Points
Port Andrewshire, GA 83721",636808209,christina78@yahoo.com
Yolanda Hines,"812 Mccarthy Viaduct Apt. 376
Kristinamouth, AL 43563",975617669,cscott@hotmail.com
Jasmine Kelly,"697 Reynolds Dam Apt. 423
Jacobland, MO 89387",569390187,fitzgeraldelizabeth@yahoo.com
Robert Smith,"Unit 2774 Box 4368
DPO AE 01041",325459789,smithtimothy@wallace.com
Jonathan Smith,"322 Smith Pines Suite 052
Lake Scotthaven, NM 11543",325603096,debragriffin@hotmail.com
Erin Marshall,"04382 Edward Mountains Suite 369
Georgeberg, ME 94518",819212515,sethsmith@robinson.com
Mark Ford,"07900 Friedman Ferry Suite 170
South Christina, WV 53142",444056964,millerricardo@hotmail.com
Cynthia Lee,"368 Jones Estates Apt. 059
Jonesstad, NY 59968",717643055,christinaflores@jones.org
Sean Hood,"7426 Middleton Hill Suite 303
Millerview, CO 23232",30122773,cynthiaevans@hernandez.com
Kim Stephens,"12967 Ryan Shoals Apt. 994
Port Jesse, MO 86007",622536043,karen28@johnson.com
Adam Mckinney,"572 Tammy Forest
Youngside, SD 92567",747822485,fwilliams@lewis-wu.org
Valerie Brown,"2739 Hood Rest Apt. 962
Johnburgh, UT 27169",857630459,qmcgee@gmail.com
Jason Pace,"19964 Edwards Pines
South Jeremystad, AZ 79080",204909440,tjohnson@yahoo.com
Gregory Anderson,"5395 Brandon Freeway Apt. 858
North Melissa, OR 60184",241114561,julie98@cortez.com
Rebecca Avila,"78969 Mcguire Springs Suite 562
Port Christopher, NJ 29478",494808313,pwilson@sanchez.com
Morgan Leon,"853 Virginia Cape Suite 757
Wilsonport, SC 89614",315164793,miranda94@yahoo.com
Fernando Hunt,"9609 Conner Track Apt. 859
Kristenberg, MD 40765",505327194,abigailkelly@johnson.net
Jason Luna,"204 Laura Hill
Craigland, OK 08760",892962448,rodriguezrhonda@yahoo.com
Gregory Howell,"036 Tyler Groves Suite 302
Danielsfurt, WV 45483",394523505,david12@young.org
Miguel Sharp MD,"47921 Johnson Expressway Suite 742
Oliviaport, PA 16931",763963140,sgeorge@ramos-acevedo.net
Stephanie Acosta,"7067 Henderson Knoll
Joshuashire, NJ 84213",594590875,joshuahenderson@pierce-ramos.com
Julia Davis,"0246 Brown Roads Suite 606
North Luisburgh, WI 38462",25832528,barkerbrent@berg-dougherty.com
Amy Woods,"247 Sheila Centers
North Troybury, WA 43836",97866586,paul38@byrd.info
Julie Dunn,"758 Ruth Mall
Briggstown, MA 48538",79987146,melissawebb@gmail.com
Nicole Mcdonald,"7229 Michelle Forges Suite 411
Hardyview, VT 06858",520620439,frederickmarshall@evans.biz
Jennifer Mendoza,"11916 Katherine Creek
Kathleenport, ND 68479",260613460,susanchapman@gmail.com
Rachel Fisher,"38507 Newman Loop Suite 268
Tommyberg, UT 25108",511962082,bgarcia@johnson.org
Jorge Thomas,"013 Tabitha Cliff
Stevenmouth, NJ 04089",527088924,jason19@yahoo.com
Robert Hicks,"1639 Delacruz Park
East Linda, DC 18242",181982363,powelllarry@hotmail.com
Terry Watson,"0047 Lori Square
East Josechester, KS 29146",87147005,kaiserwilliam@hotmail.com
Carlos Wood,"53828 Laura Spurs
Lauraville, DE 53316",623072602,hillwilliam@hotmail.com
Richard Weiss,"316 Robert Dam
North Christina, MA 15552",729577216,carla37@gmail.com
Sarah Clark,"04967 Nguyen Circle Suite 871
Lake Andrea, NY 87021",696739719,wsanchez@christian.com
Briana Wu,"534 Campbell View
Sandersland, FL 59798",520971718,rachelsmith@frey.com
Raven Jordan,"6132 Spencer Corner Apt. 383
Lake Loriberg, MA 96874",785949232,rayalexa@yahoo.com
Angelica Gibbs,"68574 Coleman Villages Suite 522
North Erikaton, CA 83413",519768710,yarnold@smith-bruce.com
Tammy Jacobs,"57458 Collier Junctions Suite 288
Lake Nicholas, CT 00530",64271785,scottroger@gmail.com
Michael Evans,"921 Ramirez Mount
New Anthonyville, ND 52047",357901640,steven80@yahoo.com
Tony Pham,"Unit 3715 Box 5620
DPO AA 18266",830210363,kendrapena@yahoo.com
Miss Carrie Underwood,"USNV Morris
FPO AA 49085",696962875,amy45@hotmail.com
Ryan Russell,"70003 Tiffany Drives
Robertchester, IA 05998",896950954,michael78@walters.com
Kimberly Bennett,"70851 Daniel Station Apt. 975
Hernandezton, IL 77476",196811583,smithmichelle@gmail.com
Joshua Neal,"1324 William Glens
New Jenniferland, IL 16679",893866597,wheelerbrandon@hotmail.com
Robert Rodriguez,"9483 Patricia Greens Suite 612
West Daniel, CT 37484",291010345,steven70@gmail.com
Blake Ford,"933 Casey Court Apt. 193
Lake Douglas, AL 33325",915064128,wrightsally@hotmail.com
Chad Garcia,"195 Rollins Land Suite 478
North Angelastad, IN 84674",11426912,john27@schaefer.com
Autumn Webb,"198 Frazier Branch Suite 399
South Sharon, AR 75490",174039328,davidreed@hotmail.com
Elizabeth Singleton,"87020 Horton Valleys
Rodriguezfurt, WV 03348",565067343,jeffreyhahn@dawson-myers.biz
Sarah Thompson,"Unit 0218 Box 2805
DPO AA 08015",333387701,williamchavez@yahoo.com
Sarah Martin,"5963 Strong Points
Lake Kayla, SC 51830",355405632,earllee@gmail.com
Pamela Herrera,"3416 Gregory Rapids Suite 629
North Nicolehaven, IL 93329",71585472,cardenasthomas@yahoo.com
Shannon Horn,"USNS Buchanan
FPO AA 82885",708960117,brian88@pitts-bush.com
Christopher Edwards,"32230 Jeffery Via Apt. 616
West Tanya, WA 77567",626043010,pmcclain@castro-humphrey.com
Brandon Hester,"0169 Summers Vista
West Stuart, UT 98685",326481119,huertatracie@yahoo.com
Mariah Jackson,"558 Bryan Isle
New Raymond, AL 55316",599800533,eperry@wilson.com
Carol Lawson,"747 Miller Point
Georgeton, UT 90920",492953650,joneskelsey@hotmail.com
Heather Collins,"7878 Nelson Stravenue
New Jacob, NE 62801",573712035,thomashansen@hotmail.com
Joshua Delgado,"741 Morgan Underpass
South Sheila, IL 16740",56103750,greenbrandon@gmail.com
Jerry Greene,"60823 Lauren Wall Apt. 074
New Kellyside, MI 21097",867865303,jay56@white-wiggins.com
Connor Wagner,"506 Brandy Rapid
Dawsonberg, RI 42470",355813998,haley03@boyd-harris.com
Marcia Randolph,"327 Roberts Neck
Gonzalezshire, WA 18952",118434130,huntrussell@smith.com
John Price,"PSC 5622, Box 3709
APO AA 38900",779362405,daniel62@powell.com
Bill Hopkins,"54675 Matthew Key
Torresstad, ME 64087",499561637,briannaweeks@gmail.com
Ryan Harrison,"66252 Trevor Harbor Apt. 887
Lake Ambertown, TN 81820",179287266,carrie64@hotmail.com
Donald Young,"223 Dawson Mall Suite 571
Smithburgh, MS 75952",667230218,stanleyhall@hotmail.com
Louis Gilbert,"530 Brown Corner
Thompsontown, WV 70738",311310607,pgreene@hotmail.com
Marcus Martin,"PSC 6227, Box 1600
APO AP 14578",319413369,jamesjenkins@harmon-randall.com
Sharon Ingram,"132 Vargas Turnpike
Danielbury, DE 40715",861461933,seanbishop@yahoo.com
Kyle Martinez,"USS Greene
FPO AA 26511",61660425,haleronald@vargas-hernandez.info
Elizabeth Rodriguez,"3551 Rodriguez Port Apt. 808
Lake Charles, WI 24322",603449840,kathyrodriguez@thompson.biz
Christopher Gomez,"875 Jennifer Oval Suite 067
West Phillipmouth, IL 91337",917844640,marcus34@hotmail.com
Brian Morton,"431 Rodriguez Estate Suite 894
New Christopherview, TN 74616",843106189,garnold@bender-caldwell.com
